1,Save more of your hard-earned cash.Get a quote and see how easy it is tosave big on the coverage you need.New customers report saving.an average of $500 annually.,1
2,Greetings!Let's settle it this way:You transfer $1550 USD to me (in bitcoin equivalent according to the exchange rate at the moment of funds transfer)and once the transfer is received I will delete all this dirty stuff right away.After that we will forget about each other. I also promise to deactivate and delete all the harmful software from your devices. Trust meI keep my word.,1
3,Hitting the next button opens up a whole new world of music. That's why Premium gives youUnlimited skips. Find the perfect track for right now.on-demand music. Pick and play songs. You decide the order.Explore Premium listening for 3 months free. Go get it.,0
4,Welcome to Keepa.com!Please open this link to validate your email address:https://dyn.keepa.com/v2/user/verify/?type=verify&user=231to78ndpaq2hkuj5i30vvamrd6cgvtm79h4bus52nbip1prlqv5l37hi5r8po4&token=3453a653086694bb57a3e74e1603ab0abe6b163fIf you have never heard of Keepa.complease ignore this email.,0
5,Thanks for your entry into: Air Buds Mini EarbudsYou have entered with the following actions:Entry Confirmed - More Ways to Enter Below - 1 EntryVisit go_noise on Instagram - 1 EntryShare with Friends on Whatsapp - 2 EntriesThere are 4 more entries you could complete which would improve your chances by 100%:,0
6,51991 developers have already registered for upcoming challenges.Participate and compete with yourself in these exciting challenges and hackathons to showcase your programming skills and win cool prizes.,1
7,Transportation shouldn�t be a barrier to getting access to the COVID-19 vaccine. That's why Uber has pledged free rides worth ? 10 Crores to and from vaccination centres.Add the promo code 10M21Navigate to the home screen and enter the pick-up/drop-off location to the nearest vaccination centreConfirm your trip,0
8,the most powerful weightloss is now available without prescription all natural adipren 720 100 % money back guarantee lose up to 19 % total body weight loss of 20 - 35 % abdominal fat . up to 300 % more weight loss while dieting, 1
9,Dear Student This is to inform you that your Quiz for UE20CS151-Problem Solving with C has been scheduled on 28-Jun-2021 05.30 - 06:00 PM. Please login 20 minutes before the scheduled start time to sort out any difficulties you may have during login. Instructions to Login  1. Click on the link https://www.pesuacademy.com/Assessment/ 2. Login using credentials mentioned below If you are using your SRN to Login then Your USN : PES1UG20CS***  or PES2UG20CS***  Password : PES1UG20CS***  or PES2UG20CS*** If you are using your PRN to Login then  Your USN : PES120200****  Password : Use your PESU Academy password. If you don't know your password then click on Forgot password in PESU Academy home page to reset your password. PESU Academy,0
10,Dominos Monsoon cravings! Stay Home and enjoy the rains with Hot 'n fresh pizzas Order Now,1
11,Ola Foods Ola FoodsOla FoodsOla FoodsOla Foods,1
12,Now’s the time to grow your business and gain new connections; two things you can do at DigitalOcean’s virtual conference deploy: Power Your Business.  Join us on June 29th as we dive into solving complex business challenges with simple cloud solutions and managed services giving you insight on how to scale your apps fast,1
13,Don't miss the End Of Reason Sale To unsubscribe from these mailings you may opt out here.If you would like to experience the best of online shopping for men  women and kids in India you are at theright place. Myntra is the ultimate destination for fashion and lifestyle being host to a wide array of merchandise including clothing footwear accessories jewellery personal care products and more. It is time to redefine your style statement with our treasure-trove of trendy items. Our online store brings you the latest in designer products straight out of fashion houses. You can shop online at Myntra from the comfort of your home and get your favourites delivered right to your doorsteps,1
14,Hello Good Afternoon Starting at Rs.98 Shop Now In case you no more wish to receive our emails please click on Unsubscribe,1
15,Hello Good Evening Buy 2 Get Rs.125 Off + Starting at Rs.88 Use Code: B2G125 In case you no more wish to receive our emails,1
16,YOUR PACKAGE HAS BEEN DELIVERED Thank You for Shopping With Us,0
17,Hello Good Morning Starting at Rs.49 Grab Now In case you no more wish to receive our emails please click on Unsubscribe please click on Unsubscribe,1
18,Pick up the nachos cheesy dip and other match time regulars from Swiggy Instamart at up to 20% off Don't want convenience delivered to your inbox? Unsubscribe here,1
19,It's time to roll the carpet for yetanother season of the Indian T20 League.Are you ready for the cricketing fiesta?,1
20,Congrats! You've been selected to participate in our monthly $500 Costco Gift Card Promotion!Take this 30 second survey about Costco and we'll offer you exclusive rewards over $500,1
21,Dear Students Greetings Hope you are all safe and doing well We are very happy to inform you that Center for Data Sciences and Applied Machine Learning CDSAML Department of Computer Science Engineering PES University is offering projects to 2nd and 4th semester students CSE only as a part of summer internship during June July 2021 In this regard Interested students are hereby informed to register by filling the google form Link for the same is provided below Kindly Read through Guidelines before filling the form Form Link httpsformsgleHZeazn8SuHkmDmj77 Guidelines Students having CGPA of 85 and above can only register Form a group Team of 3 members Min and Max team size is 3 Team members must be from the same campus Only 1 member from the team will register on behalf of the entire team done to avoid duplicate entries Students with their own laptop and good Internet facility only should register The Last date for registration is 2062021 wednesday 10 PM Note Number of teams selected will be based on the bandwidth of faculty members and the infrastructure availability Internship duration can be extended to accommodate the ESA Schedule For any queries you can mail to,0
22,Are you an Engineering Aspirant? Preparing for JEE 2021/22? Confused on how to kick start your preparation? Need proper guidance to achieve your goal ?Help us to know more by filling this survey and get access to Free JEE Live classes from the experts to boost your score.,1
23,Your password can be reset by clicking the button below. If you did not request a new password please ignore this email.,0
24,HAPPYFUN2 HAS A TACO FOR YOU.PROFILE	TEXT VIDEOS What's up I have a moist taco for you to taste. I think that you will like it the problem is that it is missing the meat. I'm hitting you up to see if you have meat to stuff into my taco I would like that a lot. It would be the most satisfied taco if you could do that. When is a good time to get together for... dinner? or whatever we are doing. Let me know ok peace out.CALL ME NOW,0
25,Hello divvvvyaaaa Upto 90% Off On Top Products Shop Your Faves,1
26,Hi Healthifier HealthifyStudio presents World Yoga Fest bringing you 180 free yoga sessions hosted by coaches from over 40 countries. If you love yoga or love to celebrate your mind and body this is for you.Click below to join for free.JOIN FOR FREE,1
27,Dear Jason Im writing to resign from my position as customer service representative effective August 14 2020 Ive recently decided to go back to school and my program starts in early September Im tendering my resignation now so that I can be as helpful as possible to you during the transition Ive truly enjoyed my time working with you and everyone else on our team at LMK Its rare to find a customer service role that offers as much opportunity to grow and learn as well as such a positive inspiring team of people to grow and learn with Im particularly grateful for your guidance while I was considering furthering my education Your support has meant so much to me Please let me know if theres anything I can do to help you find and train my replacement Thanks and best wishes Nicole Thomas signature hard copy letter Nicole Thomas,0
28,This email was sent to you in response to your request to modify your Dell.com account.Click the link below to go to the Dell site and modify your account:Modify your accounPlease note that the above link has a life span of 3 day(s) only.,0
29,map Uber logo ₹8027 Thanks for choosing Uber Sarath June 30 2018 UberAuto 0150pm 811 27th Main Rd PWD Quarters 1st Sector HSR Layout Bengaluru Karnataka 560102 India 0211pm 109 SRK Paradise Layout Wellington Paradise Begur Bengaluru Karnataka 560068 India Picture of Mallikarjuna You rode with Mallikarjuna 671 kilometers 002041 Trip time UberAuto Vehicle One star two stars three stars four stars five stars Did you know you can order food delivery through Uber Try Uber Eats and get 20 off your first order with the code 20ubereats Download the app today Fares are inclusive of GST Please download the tax invoice from the trip detail page for a full tax breakdown Your Fare Trip Fare ₹6527 Subtotal ₹6527 Tolls Surcharges and Fees ₹15 COLLECTED ₹8027 Cash License Plate KA01AE6181 Visit the trip page for more information including invoices where available xidb57c6cc27c344af6a995aeaffb6146d3 pGvlI2ANUbXFfyEOgxta1RMV082993,0
30,Dear children Please find below the experiments that you need to write in your record Please ensure you follow the instructions given to you in class The experiments have been categorised into to PhysicsChem and Biology Please ensure that you write the experiments in their respective records Regards Bindu Pillai This email including any attachments is intended exclusively for the addressees If you are not the intended recipient please notify the sender or infotreamisorg immediately and delete the original message and any copy of it from your computer system If you are not the intended recipient please note that any copying distribution or other action taken or omitted to be taken in reliance upon it is prohibited and may be unlawful This email may contain viruses Treamis has taken reasonable precaution to minimize this risk but is not liable for any damage you may sustain as a result of any virus in this email,0